"Image","Description"
"https://image.musinsa.com/images/style/list/2024041819205700000067659.jpg","캐주얼"
"https://image.musinsa.com/images/style/list/2024041819302000000046094.jpg","캐주얼"
"https://image.musinsa.com/images/style/list/2024041819281900000081773.jpg","로맨틱"
"https://image.musinsa.com/images/style/list/2024041815170000000094199.jpg","캐주얼"
"https://image.musinsa.com/images/style/list/2024041815162700000098909.jpg","캐주얼"
"https://image.musinsa.com/images/style/list/2024041915001800000046082.jpg","캐주얼"
"https://image.musinsa.com/images/style/list/2024041914542800000004630.jpg","캐주얼"
"https://image.musinsa.com/images/style/list/2024041914510700000011898.jpg","캐주얼"
"https://image.musinsa.com/images/style/list/2024041914472900000018815.jpg","캐주얼"
"https://image.musinsa.com/images/style/list/2024041914440700000005380.jpg","캐주얼"
"https://image.musinsa.com/images/style/list/2024041914401600000001751.jpg","스트릿"
"https://image.musinsa.com/images/style/list/2024041914362100000076299.jpg","캐주얼"
"https://image.musinsa.com/images/style/list/2024041815155900000050676.jpg","캐주얼"
"https://image.musinsa.com/images/style/list/2024041815152900000059549.jpg","캐주얼"
"https://image.musinsa.com/images/style/list/2024041914284900000039680.jpg","시크"
"https://image.musinsa.com/images/style/list/2024041914165500000017555.jpg","캐주얼"
"https://image.musinsa.com/images/style/list/2024041914132900000017836.jpg","캐주얼"
"https://image.musinsa.com/images/style/list/2024041914094600000048863.jpg","캐주얼"
"https://image.musinsa.com/images/style/list/2024042212084700000039840.jpg","캐주얼"
"https://image.musinsa.com/images/style/list/2024042212073200000085321.jpg","캐주얼"
